{
    "collision": {
        "type": "box",
        "location": [
            0.0,
            0.0,
            -0.0
        ],
        "scale": [
            1.0,
            1.0,
            1.0
        ],
        "rotation": [
            0.0,
            0.0,
            -0.0
        ]
    },
    "materials": [
        {
            "name": "default",
            "diffuse_color": [
                1.0,
                1.0,
                1.0,
                1.0
            ]
        },
        {
            "name": "Material.004",
            "diffuse_color": [
                0.800000011920929,
                0.800000011920929,
                0.800000011920929,
                1.0
            ]
        }
    ],
    "nvertex": 8,
    "vertexdata": [
        -1.0,
        -1.0,
        1.0,
        -1.0,
        1.0,
        1.0,
        -1.0,
        -1.0,
        -1.0,
        -1.0,
        1.0,
        -1.0,
        1.0,
        -1.0,
        1.0,
        1.0,
        1.0,
        1.0,
        1.0,
        -1.0,
        -1.0,
        1.0,
        1.0,
        -1.0
    ],
    "weightdata": [
        1.0,
        1.0,
        1.0,
        1.0,
        1.0,
        1.0,
        1.0,
        1.0
    ],
    "nindex": [
        36
    ],
    "indexdata": [
        [
            1,
            2,
            0,
            3,
            6,
            2,
            7,
            4,
            6,
            5,
            0,
            4,
            6,
            0,
            2,
            3,
            5,
            7,
            1,
            3,
            2,
            3,
            7,
            6,
            7,
            5,
            4,
            5,
            1,
            0,
            6,
            4,
            0,
            3,
            1,
            5
        ]
    ]
}