{"collision": {"type": "box", "location": [0.0, 0.0, -0.0], "scale": [1.0, 1.0, 1.0], "rotation": [0.0, 0.0, -0.0]}, "materials": [{"name": "default", "diffuse_color": [1.0, 1.0, 1.0, 1.0]}, {"name": "Material.008", "diffuse_color": [0.800000011920929, 0.800000011920929, 0.800000011920929, 1.0]}], "nvertex": 8, "vertexdata": [-1.0, -1.0, 1.0, -1.0, 1.0, 1.0, -1.0, -1.0, -1.0, -1.0, 1.0, -1.0, 1.0, -1.0, 1.0, 1.0, 1.0, 1.0, 1.0, -1.0, -1.0, 1.0, 1.0, -1.0], "normaldata": [-0.5773284435272217, -0.5773611664772034, 0.5773611664772034, -0.5773720741271973, 0.5773393511772156, 0.5773393511772156, -0.5773720741271973, -0.5773393511772156, -0.5773393511772156, -0.5773284435272217, 0.5773611664772034, -0.5773611664772034, 0.5773720741271973, -0.5773393511772156, 0.5773393511772156, 0.5773284435272217, 0.5773611664772034, 0.5773611664772034, 0.5773284435272217, -0.5773611664772034, -0.5773611664772034, 0.5773720741271973, 0.5773393511772156, -0.5773393511772156], "weightdata": [1.0, 1.0, 1.0, 1.0, 1.0, 1.0, 1.0, 1.0], "nindex": [36], "indexdata": [[1, 2, 0, 3, 6, 2, 7, 4, 6, 5, 0, 4, 6, 0, 2, 3, 5, 7, 1, 3, 2, 3, 7, 6, 7, 5, 4, 5, 1, 0, 6, 4, 0, 3, 1, 5]], "uvs": [0.625, 0.0, 0.375, 0.25, 0.375, 0.0, 0.625, 0.25, 0.375, 0.5, 0.375, 0.25, 0.625, 0.5, 0.375, 0.75, 0.375, 0.5, 0.625, 0.75, 0.375, 1.0, 0.375, 0.75, 0.375, 0.5, 0.125, 0.75, 0.125, 0.5, 0.875, 0.5, 0.625, 0.75, 0.625, 0.5, 0.625, 0.0, 0.625, 0.25, 0.375, 0.25, 0.625, 0.25, 0.625, 0.5, 0.375, 0.5, 0.625, 0.5, 0.625, 0.75, 0.375, 0.75, 0.625, 0.75, 0.625, 1.0, 0.375, 1.0, 0.375, 0.5, 0.375, 0.75, 0.125, 0.75, 0.875, 0.5, 0.875, 0.75, 0.625, 0.75]}